Date,WeekNum,Status,AwayTeam,AwayTeamRecord,HomeTeam,HomeTeamRecord,Venue,Broadcast,SeasonType,WeekId,GameId,AwayTeamScore,HomeTeamScore,Overtime,StartTime
"July 31, 2025",Hall of Fame Week,Scheduled,Los Angeles Chargers,0-0,Detroit Lions,0-0,"Tom Benson Hall of Fame Stadium, Canton, OH, USA",NBC/Peacock,1,1,401772971,-1,-1,false,8:00 PM EDT
"August 7, 2025",Preseason Week 1,Scheduled,Indianapolis Colts,0-0,Baltimore Ravens,0-0,"M&T Bank Stadium, Baltimore, MD, USA",NFL Net,1,2,401773001,-1,-1,false,7:00 PM EDT
"August 7, 2025",Preseason Week 1,Scheduled,Cincinnati Bengals,0-0,Philadelphia Eagles,0-0,"Lincoln Financial Field, Philadelphia, PA, USA",TBD,1,2,401773005,-1,-1,false,7:30 PM EDT
"August 7, 2025",Preseason Week 1,Scheduled,Las Vegas Raiders,0-0,Seattle Seahawks,0-0,"Lumen Field, Seattle, WA, USA",NFL Net,1,2,401774568,-1,-1,false,10:00 PM EDT
"August 8, 2025",Preseason Week 1,Scheduled,Detroit Lions,0-0,Atlanta Falcons,0-0,"Mercedes-Benz Stadium, Atlanta, GA, USA",TBD,1,2,401773016,-1,-1,false,7:00 PM EDT
"August 8, 2025",Preseason Week 1,Scheduled,Cleveland Browns,0-0,Carolina Panthers,0-0,"Bank of America Stadium, Charlotte, NC, USA",NFL Net,1,2,401773018,-1,-1,false,7:00 PM EDT
"August 8, 2025",Preseason Week 1,Scheduled,Washington Commanders,0-0,New England Patriots,0-0,"Gillette Stadium, Foxborough, MA, USA",TBD,1,2,401772996,-1,-1,false,7:30 PM EDT
"August 9, 2025",Preseason Week 1,Scheduled,New York Giants,0-0,Buffalo Bills,0-0,"Highmark Stadium, Orchard Park, NY, USA",NFL Net,1,2,401776263,-1,-1,false,1:00 PM EDT
"August 9, 2025",Preseason Week 1,Scheduled,Houston Texans,0-0,Minnesota Vikings,0-0,"U.S. Bank Stadium, Minneapolis, MN, USA",NFL Net,1,2,401773012,-1,-1,false,4:00 PM EDT
"August 9, 2025",Preseason Week 1,Scheduled,Dallas Cowboys,0-0,Los Angeles Rams,0-0,"SoFi Stadium, Inglewood, CA, USA",TBD,1,2,401773020,-1,-1,false,7:00 PM EDT
"August 9, 2025",Preseason Week 1,Scheduled,Pittsburgh Steelers,0-0,Jacksonville Jaguars,0-0,"EverBank Stadium, Jacksonville, FL, USA",TBD,1,2,401773002,-1,-1,false,7:00 PM EDT
"August 9, 2025",Preseason Week 1,Scheduled,Tennessee Titans,0-0,Tampa Bay Buccaneers,0-0,"Raymond James Stadium, Tampa, FL, USA",TBD,1,2,401774029,-1,-1,false,7:30 PM EDT
"August 9, 2025",Preseason Week 1,Scheduled,New York Jets,0-0,Green Bay Packers,0-0,"Lambeau Field, Green Bay, WI, USA",NFL Net,1,2,401773010,-1,-1,false,8:00 PM EDT
"August 9, 2025",Preseason Week 1,Scheduled,Kansas City Chiefs,0-0,Arizona Cardinals,0-0,"State Farm Stadium, Glendale, AZ, USA",TBD,1,2,401774636,-1,-1,false,8:00 PM EDT
"August 9, 2025",Preseason Week 1,Scheduled,Denver Broncos,0-0,San Francisco 49ers,0-0,"Levi's Stadium, Santa Clara, CA, USA",TBD,1,2,401776566,-1,-1,false,8:30 PM EDT
"August 10, 2025",Preseason Week 1,Scheduled,Miami Dolphins,0-0,Chicago Bears,0-0,"Soldier Field, Chicago, IL, USA",NFL Net,1,2,401776564,-1,-1,false,1:00 PM EDT
"August 10, 2025",Preseason Week 1,Scheduled,New Orleans Saints,0-0,Los Angeles Chargers,0-0,"SoFi Stadium, Inglewood, CA, USA",NFL Net,1,2,401773026,-1,-1,false,4:00 PM EDT
"August 15, 2025",Preseason Week 2,Scheduled,Tennessee Titans,0-0,Atlanta Falcons,0-0,"Mercedes-Benz Stadium, Atlanta, GA, USA",NFL Net,1,3,401773017,-1,-1,false,7:00 PM EDT
"August 15, 2025",Preseason Week 2,Scheduled,Kansas City Chiefs,0-0,Seattle Seahawks,0-0,"Lumen Field, Seattle, WA, USA",NFL Net,1,3,401774591,-1,-1,false,10:00 PM EDT
"August 16, 2025",Preseason Week 2,Scheduled,Miami Dolphins,0-0,Detroit Lions,0-0,"Ford Field, Detroit, MI, USA",TBD,1,3,401776264,-1,-1,false,1:00 PM EDT
"August 16, 2025",Preseason Week 2,Scheduled,Green Bay Packers,0-0,Indianapolis Colts,0-0,"Lucas Oil Stadium, Indianapolis, IN, USA",TBD,1,3,401773003,-1,-1,false,1:00 PM EDT
"August 16, 2025",Preseason Week 2,Scheduled,New England Patriots,0-0,Minnesota Vikings,0-0,"U.S. Bank Stadium, Minneapolis, MN, USA",TBD,1,3,401773013,-1,-1,false,1:00 PM EDT
"August 16, 2025",Preseason Week 2,Scheduled,Cleveland Browns,0-0,Philadelphia Eagles,0-0,"Lincoln Financial Field, Philadelphia, PA, USA",NFL Net,1,3,401773006,-1,-1,false,1:00 PM EDT
"August 16, 2025",Preseason Week 2,Scheduled,Carolina Panthers,0-0,Houston Texans,0-0,"NRG Stadium, Houston, TX, USA",TBD,1,3,401773027,-1,-1,false,1:00 PM EDT
"August 16, 2025",Preseason Week 2,Scheduled,San Francisco 49ers,0-0,Las Vegas Raiders,0-0,"Allegiant Stadium, Las Vegas, NV, USA",NFL Net,1,3,401774569,-1,-1,false,4:00 PM EDT
"August 16, 2025",Preseason Week 2,Scheduled,Baltimore Ravens,0-0,Dallas Cowboys,0-0,"AT&T Stadium, Arlington, TX, USA",TBD,1,3,401773007,-1,-1,false,7:00 PM EDT
"August 16, 2025",Preseason Week 2,Scheduled,Los Angeles Chargers,0-0,Los Angeles Rams,0-0,"SoFi Stadium, Inglewood, CA, USA",TBD,1,3,401773021,-1,-1,false,7:00 PM EDT
"August 16, 2025",Preseason Week 2,Scheduled,New York Jets,0-0,New York Giants,0-0,"MetLife Stadium, East Rutherford, NJ, USA",NFL Net,1,3,401773009,-1,-1,false,7:00 PM EDT
"August 16, 2025",Preseason Week 2,Scheduled,Tampa Bay Buccaneers,0-0,Pittsburgh Steelers,0-0,"Acrisure Stadium, Pittsburgh, PA, USA",TBD,1,3,401773000,-1,-1,false,7:00 PM EDT
"August 16, 2025",Preseason Week 2,Scheduled,Arizona Cardinals,0-0,Denver Broncos,0-0,"Empower Field at Mile High, Denver, CO, USA",NFL Net,1,3,401774637,-1,-1,false,9:30 PM EDT
"August 17, 2025",Preseason Week 2,Scheduled,Jacksonville Jaguars,0-0,New Orleans Saints,0-0,"Caesars Superdome, New Orleans, LA, USA",NFL Net,1,3,401773014,-1,-1,false,1:00 PM EDT
"August 17, 2025",Preseason Week 2,Scheduled,Buffalo Bills,0-0,Chicago Bears,0-0,"Soldier Field, Chicago, IL, USA",FOX,1,3,401772972,-1,-1,false,8:00 PM EDT
"August 18, 2025",Preseason Week 2,Scheduled,Cincinnati Bengals,0-0,Washington Commanders,0-0,"Northwest Stadium, Landover, MD, USA",ESPN,1,3,401772973,-1,-1,false,8:00 PM EDT
"August 21, 2025",Preseason Week 3,Scheduled,Pittsburgh Steelers,0-0,Carolina Panthers,0-0,"Bank of America Stadium, Charlotte, NC, USA",NFL Net,1,4,401773019,-1,-1,false,7:00 PM EDT
"August 21, 2025",Preseason Week 3,Scheduled,New England Patriots,0-0,New York Giants,0-0,"MetLife Stadium, East Rutherford, NJ, USA",Prime Video,1,4,401772974,-1,-1,false,8:00 PM EDT
"August 22, 2025",Preseason Week 3,Scheduled,Philadelphia Eagles,0-0,New York Jets,0-0,"MetLife Stadium, East Rutherford, NJ, USA",TBD,1,4,401772997,-1,-1,false,7:30 PM EDT
"August 22, 2025",Preseason Week 3,Scheduled,Atlanta Falcons,0-0,Dallas Cowboys,0-0,"AT&T Stadium, Arlington, TX, USA",NFL Net,1,4,401773008,-1,-1,false,8:00 PM EDT
"August 22, 2025",Preseason Week 3,Scheduled,Minnesota Vikings,0-0,Tennessee Titans,0-0,"Nissan Stadium, Nashville, TN, USA",CBS,1,4,401772975,-1,-1,false,8:00 PM EDT
"August 22, 2025",Preseason Week 3,Scheduled,Chicago Bears,0-0,Kansas City Chiefs,0-0,"GEHA Field at Arrowhead Stadium, Kansas City, MO, USA",TBD,1,4,401773004,-1,-1,false,8:20 PM EDT
"August 23, 2025",Preseason Week 3,Scheduled,Baltimore Ravens,0-0,Washington Commanders,0-0,"Northwest Stadium, Landover, MD, USA",TBD,1,4,401777124,-1,-1,false,12:00 PM EDT
"August 23, 2025",Preseason Week 3,Scheduled,Indianapolis Colts,0-0,Cincinnati Bengals,0-0,"Paycor Stadium, Cincinnati, OH, USA",TBD,1,4,401772998,-1,-1,false,1:00 PM EDT
"August 23, 2025",Preseason Week 3,Scheduled,Los Angeles Rams,0-0,Cleveland Browns,0-0,"Huntington Bank Field, Cleveland, OH, USA",NFL Net,1,4,401772999,-1,-1,false,1:00 PM EDT
"August 23, 2025",Preseason Week 3,Scheduled,Houston Texans,0-0,Detroit Lions,0-0,"Ford Field, Detroit, MI, USA",TBD,1,4,401776265,-1,-1,false,1:00 PM EDT
"August 23, 2025",Preseason Week 3,Scheduled,Denver Broncos,0-0,New Orleans Saints,0-0,"Caesars Superdome, New Orleans, LA, USA",TBD,1,4,401773015,-1,-1,false,1:00 PM EDT
"August 23, 2025",Preseason Week 3,Scheduled,Seattle Seahawks,0-0,Green Bay Packers,0-0,"Lambeau Field, Green Bay, WI, USA",NFL Net,1,4,401773011,-1,-1,false,4:00 PM EDT
"August 23, 2025",Preseason Week 3,Scheduled,Jacksonville Jaguars,0-0,Miami Dolphins,0-0,"Hard Rock Stadium, Miami Gardens, FL, USA",NFL Net,1,4,401776565,-1,-1,false,7:00 PM EDT
"August 23, 2025",Preseason Week 3,Scheduled,Buffalo Bills,0-0,Tampa Bay Buccaneers,0-0,"Raymond James Stadium, Tampa, FL, USA",TBD,1,4,401774030,-1,-1,false,7:30 PM EDT
"August 23, 2025",Preseason Week 3,Scheduled,Los Angeles Chargers,0-0,San Francisco 49ers,0-0,"Levi's Stadium, Santa Clara, CA, USA",TBD,1,4,401776567,-1,-1,false,8:30 PM EDT
"August 23, 2025",Preseason Week 3,Scheduled,Las Vegas Raiders,0-0,Arizona Cardinals,0-0,"State Farm Stadium, Glendale, AZ, USA",NFL Net,1,4,401774590,-1,-1,false,10:00 PM EDT
"September 4, 2025",Week 1,Scheduled,Dallas Cowboys,0-0,Philadelphia Eagles,0-0,"Lincoln Financial Field, Philadelphia, PA, USA",NBC/Peacock,2,1,401772510,-1,-1,false,8:20 PM EDT
"September 5, 2025",Week 1,Scheduled,Kansas City Chiefs,0-0,Los Angeles Chargers,0-0,"Corinthians Arena, Sao Paulo, None, Brazil",YouTube,2,1,401772714,-1,-1,false,8:00 PM EDT
"September 7, 2025",Week 1,Scheduled,Tampa Bay Buccaneers,0-0,Atlanta Falcons,0-0,"Mercedes-Benz Stadium, Atlanta, GA, USA",FOX,2,1,401772830,-1,-1,false,1:00 PM EDT
"September 7, 2025",Week 1,Scheduled,Cincinnati Bengals,0-0,Cleveland Browns,0-0,"Huntington Bank Field, Cleveland, OH, USA",FOX,2,1,401772829,-1,-1,false,1:00 PM EDT
"September 7, 2025",Week 1,Scheduled,Miami Dolphins,0-0,Indianapolis Colts,0-0,"Lucas Oil Stadium, Indianapolis, IN, USA",CBS,2,1,401772719,-1,-1,false,1:00 PM EDT
"September 7, 2025",Week 1,Scheduled,Las Vegas Raiders,0-0,New England Patriots,0-0,"Gillette Stadium, Foxborough, MA, USA",CBS,2,1,401772720,-1,-1,false,1:00 PM EDT
"September 7, 2025",Week 1,Scheduled,Arizona Cardinals,0-0,New Orleans Saints,0-0,"Caesars Superdome, New Orleans, LA, USA",CBS,2,1,401772718,-1,-1,false,1:00 PM EDT
"September 7, 2025",Week 1,Scheduled,Pittsburgh Steelers,0-0,New York Jets,0-0,"MetLife Stadium, East Rutherford, NJ, USA",CBS,2,1,401772721,-1,-1,false,1:00 PM EDT
"September 7, 2025",Week 1,Scheduled,New York Giants,0-0,Washington Commanders,0-0,"Northwest Stadium, Landover, MD, USA",FOX,2,1,401772827,-1,-1,false,1:00 PM EDT
"September 7, 2025",Week 1,Scheduled,Carolina Panthers,0-0,Jacksonville Jaguars,0-0,"EverBank Stadium, Jacksonville, FL, USA",FOX,2,1,401772828,-1,-1,false,1:00 PM EDT
"September 7, 2025",Week 1,Scheduled,Tennessee Titans,0-0,Denver Broncos,0-0,"Empower Field at Mile High, Denver, CO, USA",FOX,2,1,401772832,-1,-1,false,4:05 PM EDT
"September 7, 2025",Week 1,Scheduled,San Francisco 49ers,0-0,Seattle Seahawks,0-0,"Lumen Field, Seattle, WA, USA",FOX,2,1,401772831,-1,-1,false,4:05 PM EDT
"September 7, 2025",Week 1,Scheduled,Detroit Lions,0-0,Green Bay Packers,0-0,"Lambeau Field, Green Bay, WI, USA",CBS,2,1,401772722,-1,-1,false,4:25 PM EDT
"September 7, 2025",Week 1,Scheduled,Houston Texans,0-0,Los Angeles Rams,0-0,"SoFi Stadium, Inglewood, CA, USA",CBS,2,1,401772723,-1,-1,false,4:25 PM EDT
"September 7, 2025",Week 1,Scheduled,Baltimore Ravens,0-0,Buffalo Bills,0-0,"Highmark Stadium, Orchard Park, NY, USA",NBC,2,1,401772918,-1,-1,false,8:20 PM EDT
"September 8, 2025",Week 1,Scheduled,Minnesota Vikings,0-0,Chicago Bears,0-0,"Soldier Field, Chicago, IL, USA",ABC/ESPN,2,1,401772810,-1,-1,false,8:15 PM EDT
"September 11, 2025",Week 2,Scheduled,Washington Commanders,0-0,Green Bay Packers,0-0,"Lambeau Field, Green Bay, WI, USA",Prime Video,2,2,401772936,-1,-1,false,8:15 PM EDT
"September 14, 2025",Week 2,Scheduled,Jacksonville Jaguars,0-0,Cincinnati Bengals,0-0,"Paycor Stadium, Cincinnati, OH, USA",CBS,2,2,401772725,-1,-1,false,1:00 PM EDT
"September 14, 2025",Week 2,Scheduled,New York Giants,0-0,Dallas Cowboys,0-0,"AT&T Stadium, Arlington, TX, USA",FOX,2,2,401772834,-1,-1,false,1:00 PM EDT
"September 14, 2025",Week 2,Scheduled,Chicago Bears,0-0,Detroit Lions,0-0,"Ford Field, Detroit, MI, USA",FOX,2,2,401772835,-1,-1,false,1:00 PM EDT
"September 14, 2025",Week 2,Scheduled,Los Angeles Rams,0-0,Tennessee Titans,0-0,"Nissan Stadium, Nashville, TN, USA",CBS,2,2,401772724,-1,-1,false,1:00 PM EDT
"September 14, 2025",Week 2,Scheduled,New England Patriots,0-0,Miami Dolphins,0-0,"Hard Rock Stadium, Miami Gardens, FL, USA",CBS,2,2,401772728,-1,-1,false,1:00 PM EDT
"September 14, 2025",Week 2,Scheduled,San Francisco 49ers,0-0,New Orleans Saints,0-0,"Caesars Superdome, New Orleans, LA, USA",FOX,2,2,401772833,-1,-1,false,1:00 PM EDT
"September 14, 2025",Week 2,Scheduled,Buffalo Bills,0-0,New York Jets,0-0,"MetLife Stadium, East Rutherford, NJ, USA",CBS,2,2,401772727,-1,-1,false,1:00 PM EDT
"September 14, 2025",Week 2,Scheduled,Seattle Seahawks,0-0,Pittsburgh Steelers,0-0,"Acrisure Stadium, Pittsburgh, PA, USA",FOX,2,2,401772836,-1,-1,false,1:00 PM EDT
"September 14, 2025",Week 2,Scheduled,Cleveland Browns,0-0,Baltimore Ravens,0-0,"M&T Bank Stadium, Baltimore, MD, USA",CBS,2,2,401772726,-1,-1,false,1:00 PM EDT
"September 14, 2025",Week 2,Scheduled,Denver Broncos,0-0,Indianapolis Colts,0-0,"Lucas Oil Stadium, Indianapolis, IN, USA",CBS,2,2,401772729,-1,-1,false,4:05 PM EDT
"September 14, 2025",Week 2,Scheduled,Carolina Panthers,0-0,Arizona Cardinals,0-0,"State Farm Stadium, Glendale, AZ, USA",CBS,2,2,401772730,-1,-1,false,4:05 PM EDT
"September 14, 2025",Week 2,Scheduled,Philadelphia Eagles,0-0,Kansas City Chiefs,0-0,"GEHA Field at Arrowhead Stadium, Kansas City, MO, USA",FOX,2,2,401772837,-1,-1,false,4:25 PM EDT
"September 14, 2025",Week 2,Scheduled,Atlanta Falcons,0-0,Minnesota Vikings,0-0,"U.S. Bank Stadium, Minneapolis, MN, USA",NBC,2,2,401772919,-1,-1,false,8:20 PM EDT
"September 15, 2025",Week 2,Scheduled,Tampa Bay Buccaneers,0-0,Houston Texans,0-0,"NRG Stadium, Houston, TX, USA",ABC/ESPN,2,2,401772715,-1,-1,false,7:00 PM EDT
"September 15, 2025",Week 2,Scheduled,Los Angeles Chargers,0-0,Las Vegas Raiders,0-0,"Allegiant Stadium, Las Vegas, NV, USA",ESPN,2,2,401772811,-1,-1,false,10:00 PM EDT
"September 18, 2025",Week 3,Scheduled,Miami Dolphins,0-0,Buffalo Bills,0-0,"Highmark Stadium, Orchard Park, NY, USA",Prime Video,2,3,401772937,-1,-1,false,8:15 PM EDT
"September 21, 2025",Week 3,Scheduled,Green Bay Packers,0-0,Cleveland Browns,0-0,"Huntington Bank Field, Cleveland, OH, USA",FOX,2,3,401772842,-1,-1,false,1:00 PM EDT
"September 21, 2025",Week 3,Scheduled,Indianapolis Colts,0-0,Tennessee Titans,0-0,"Nissan Stadium, Nashville, TN, USA",CBS,2,3,401772733,-1,-1,false,1:00 PM EDT
"September 21, 2025",Week 3,Scheduled,Cincinnati Bengals,0-0,Minnesota Vikings,0-0,"U.S. Bank Stadium, Minneapolis, MN, USA",CBS,2,3,401772731,-1,-1,false,1:00 PM EDT
"September 21, 2025",Week 3,Scheduled,Pittsburgh Steelers,0-0,New England Patriots,0-0,"Gillette Stadium, Foxborough, MA, USA",CBS,2,3,401772732,-1,-1,false,1:00 PM EDT
"September 21, 2025",Week 3,Scheduled,Los Angeles Rams,0-0,Philadelphia Eagles,0-0,"Lincoln Financial Field, Philadelphia, PA, USA",FOX,2,3,401772839,-1,-1,false,1:00 PM EDT
"September 21, 2025",Week 3,Scheduled,New York Jets,0-0,Tampa Bay Buccaneers,0-0,"Raymond James Stadium, Tampa, FL, USA",FOX,2,3,401772840,-1,-1,false,1:00 PM EDT
"September 21, 2025",Week 3,Scheduled,Las Vegas Raiders,0-0,Washington Commanders,0-0,"Northwest Stadium, Landover, MD, USA",FOX,2,3,401772841,-1,-1,false,1:00 PM EDT
"September 21, 2025",Week 3,Scheduled,Atlanta Falcons,0-0,Carolina Panthers,0-0,"Bank of America Stadium, Charlotte, NC, USA",FOX,2,3,401772838,-1,-1,false,1:00 PM EDT
"September 21, 2025",Week 3,Scheduled,Houston Texans,0-0,Jacksonville Jaguars,0-0,"EverBank Stadium, Jacksonville, FL, USA",CBS,2,3,401772734,-1,-1,false,1:00 PM EDT
"September 21, 2025",Week 3,Scheduled,Denver Broncos,0-0,Los Angeles Chargers,0-0,"SoFi Stadium, Inglewood, CA, USA",CBS,2,3,401772735,-1,-1,false,4:05 PM EDT
"September 21, 2025",Week 3,Scheduled,New Orleans Saints,0-0,Seattle Seahawks,0-0,"Lumen Field, Seattle, WA, USA",CBS,2,3,401772736,-1,-1,false,4:05 PM EDT
"September 21, 2025",Week 3,Scheduled,Dallas Cowboys,0-0,Chicago Bears,0-0,"Soldier Field, Chicago, IL, USA",FOX,2,3,401772844,-1,-1,false,4:25 PM EDT
"September 21, 2025",Week 3,Scheduled,Arizona Cardinals,0-0,San Francisco 49ers,0-0,"Levi's Stadium, Santa Clara, CA, USA",FOX,2,3,401772843,-1,-1,false,4:25 PM EDT
"September 21, 2025",Week 3,Scheduled,Kansas City Chiefs,0-0,New York Giants,0-0,"MetLife Stadium, East Rutherford, NJ, USA",NBC,2,3,401772920,-1,-1,false,8:20 PM EDT
"September 22, 2025",Week 3,Scheduled,Detroit Lions,0-0,Baltimore Ravens,0-0,"M&T Bank Stadium, Baltimore, MD, USA",ABC/ESPN,2,3,401772812,-1,-1,false,8:15 PM EDT
"September 25, 2025",Week 4,Scheduled,Seattle Seahawks,0-0,Arizona Cardinals,0-0,"State Farm Stadium, Glendale, AZ, USA",Prime Video,2,4,401772938,-1,-1,false,8:15 PM EDT
"September 28, 2025",Week 4,Scheduled,Minnesota Vikings,0-0,Pittsburgh Steelers,0-0,"Croke Park, Dublin, None, Ireland",NFL Net/NFL+,2,4,401772632,-1,-1,false,9:30 AM EDT
"September 28, 2025",Week 4,Scheduled,Washington Commanders,0-0,Atlanta Falcons,0-0,"Mercedes-Benz Stadium, Atlanta, GA, USA",CBS,2,4,401772739,-1,-1,false,1:00 PM EDT
"September 28, 2025",Week 4,Scheduled,New Orleans Saints,0-0,Buffalo Bills,0-0,"Highmark Stadium, Orchard Park, NY, USA",CBS,2,4,401772740,-1,-1,false,1:00 PM EDT
"September 28, 2025",Week 4,Scheduled,Cleveland Browns,0-0,Detroit Lions,0-0,"Ford Field, Detroit, MI, USA",FOX,2,4,401772846,-1,-1,false,1:00 PM EDT
"September 28, 2025",Week 4,Scheduled,Carolina Panthers,0-0,New England Patriots,0-0,"Gillette Stadium, Foxborough, MA, USA",FOX,2,4,401772847,-1,-1,false,1:00 PM EDT
"September 28, 2025",Week 4,Scheduled,Los Angeles Chargers,0-0,New York Giants,0-0,"MetLife Stadium, East Rutherford, NJ, USA",CBS,2,4,401772737,-1,-1,false,1:00 PM EDT
"September 28, 2025",Week 4,Scheduled,Philadelphia Eagles,0-0,Tampa Bay Buccaneers,0-0,"Raymond James Stadium, Tampa, FL, USA",FOX,2,4,401772845,-1,-1,false,1:00 PM EDT
"September 28, 2025",Week 4,Scheduled,Tennessee Titans,0-0,Houston Texans,0-0,"NRG Stadium, Houston, TX, USA",CBS,2,4,401772738,-1,-1,false,1:00 PM EDT
"September 28, 2025",Week 4,Scheduled,Indianapolis Colts,0-0,Los Angeles Rams,0-0,"SoFi Stadium, Inglewood, CA, USA",FOX,2,4,401772849,-1,-1,false,4:05 PM EDT
"September 28, 2025",Week 4,Scheduled,Jacksonville Jaguars,0-0,San Francisco 49ers,0-0,"Levi's Stadium, Santa Clara, CA, USA",FOX,2,4,401772848,-1,-1,false,4:05 PM EDT
"September 28, 2025",Week 4,Scheduled,Baltimore Ravens,0-0,Kansas City Chiefs,0-0,"GEHA Field at Arrowhead Stadium, Kansas City, MO, USA",CBS,2,4,401772741,-1,-1,false,4:25 PM EDT
"September 28, 2025",Week 4,Scheduled,Chicago Bears,0-0,Las Vegas Raiders,0-0,"Allegiant Stadium, Las Vegas, NV, USA",CBS,2,4,401772742,-1,-1,false,4:25 PM EDT
"September 28, 2025",Week 4,Scheduled,Green Bay Packers,0-0,Dallas Cowboys,0-0,"AT&T Stadium, Arlington, TX, USA",NBC,2,4,401772921,-1,-1,false,8:20 PM EDT
"September 29, 2025",Week 4,Scheduled,New York Jets,0-0,Miami Dolphins,0-0,"Hard Rock Stadium, Miami Gardens, FL, USA",ESPN,2,4,401772813,-1,-1,false,7:15 PM EDT
"September 29, 2025",Week 4,Scheduled,Cincinnati Bengals,0-0,Denver Broncos,0-0,"Empower Field at Mile High, Denver, CO, USA",ABC,2,4,401772716,-1,-1,false,8:15 PM EDT
"October 2, 2025",Week 5,Scheduled,San Francisco 49ers,0-0,Los Angeles Rams,0-0,"SoFi Stadium, Inglewood, CA, USA",Prime Video,2,5,401772939,-1,-1,false,8:15 PM EDT
"October 5, 2025",Week 5,Scheduled,Minnesota Vikings,0-0,Cleveland Browns,0-0,"Tottenham Hotspur Stadium, London, None, England",NFL Net/NFL+,2,5,401772633,-1,-1,false,9:30 AM EDT
"October 5, 2025",Week 5,Scheduled,Las Vegas Raiders,0-0,Indianapolis Colts,0-0,"Lucas Oil Stadium, Indianapolis, IN, USA",FOX,2,5,401772851,-1,-1,false,1:00 PM EDT
"October 5, 2025",Week 5,Scheduled,New York Giants,0-0,New Orleans Saints,0-0,"Caesars Superdome, New Orleans, LA, USA",CBS,2,5,401772744,-1,-1,false,1:00 PM EDT
"October 5, 2025",Week 5,Scheduled,Dallas Cowboys,0-0,New York Jets,0-0,"MetLife Stadium, East Rutherford, NJ, USA",FOX,2,5,401772850,-1,-1,false,1:00 PM EDT
"October 5, 2025",Week 5,Scheduled,Denver Broncos,0-0,Philadelphia Eagles,0-0,"Lincoln Financial Field, Philadelphia, PA, USA",CBS,2,5,401772745,-1,-1,false,1:00 PM EDT
"October 5, 2025",Week 5,Scheduled,Miami Dolphins,0-0,Carolina Panthers,0-0,"Bank of America Stadium, Charlotte, NC, USA",FOX,2,5,401772852,-1,-1,false,1:00 PM EDT
"October 5, 2025",Week 5,Scheduled,Houston Texans,0-0,Baltimore Ravens,0-0,"M&T Bank Stadium, Baltimore, MD, USA",CBS,2,5,401772743,-1,-1,false,1:00 PM EDT
"October 5, 2025",Week 5,Scheduled,Tennessee Titans,0-0,Arizona Cardinals,0-0,"State Farm Stadium, Glendale, AZ, USA",CBS,2,5,401772747,-1,-1,false,4:05 PM EDT
"October 5, 2025",Week 5,Scheduled,Tampa Bay Buccaneers,0-0,Seattle Seahawks,0-0,"Lumen Field, Seattle, WA, USA",CBS,2,5,401772746,-1,-1,false,4:05 PM EDT
"October 5, 2025",Week 5,Scheduled,Detroit Lions,0-0,Cincinnati Bengals,0-0,"Paycor Stadium, Cincinnati, OH, USA",FOX,2,5,401772854,-1,-1,false,4:25 PM EDT
"October 5, 2025",Week 5,Scheduled,Washington Commanders,0-0,Los Angeles Chargers,0-0,"SoFi Stadium, Inglewood, CA, USA",FOX,2,5,401772853,-1,-1,false,4:25 PM EDT
"October 5, 2025",Week 5,Scheduled,New England Patriots,0-0,Buffalo Bills,0-0,"Highmark Stadium, Orchard Park, NY, USA",NBC,2,5,401772922,-1,-1,false,8:20 PM EDT
"October 6, 2025",Week 5,Scheduled,Kansas City Chiefs,0-0,Jacksonville Jaguars,0-0,"EverBank Stadium, Jacksonville, FL, USA",ABC/ESPN,2,5,401772814,-1,-1,false,8:15 PM EDT
"October 9, 2025",Week 6,Scheduled,Philadelphia Eagles,0-0,New York Giants,0-0,"MetLife Stadium, East Rutherford, NJ, USA",Prime Video,2,6,401772940,-1,-1,false,8:15 PM EDT
"October 12, 2025",Week 6,Scheduled,Denver Broncos,0-0,New York Jets,0-0,"Tottenham Hotspur Stadium, London, None, England",NFL Net/NFL+,2,6,401772634,-1,-1,false,9:30 AM EDT
"October 12, 2025",Week 6,Scheduled,Arizona Cardinals,0-0,Indianapolis Colts,0-0,"Lucas Oil Stadium, Indianapolis, IN, USA",FOX,2,6,401772856,-1,-1,false,1:00 PM EDT
"October 12, 2025",Week 6,Scheduled,Los Angeles Chargers,0-0,Miami Dolphins,0-0,"Hard Rock Stadium, Miami Gardens, FL, USA",CBS,2,6,401772750,-1,-1,false,1:00 PM EDT
"October 12, 2025",Week 6,Scheduled,Cleveland Browns,0-0,Pittsburgh Steelers,0-0,"Acrisure Stadium, Pittsburgh, PA, USA",CBS,2,6,401772748,-1,-1,false,1:00 PM EDT
"October 12, 2025",Week 6,Scheduled,San Francisco 49ers,0-0,Tampa Bay Buccaneers,0-0,"Raymond James Stadium, Tampa, FL, USA",CBS,2,6,401772749,-1,-1,false,1:00 PM EDT
"October 12, 2025",Week 6,Scheduled,Dallas Cowboys,0-0,Carolina Panthers,0-0,"Bank of America Stadium, Charlotte, NC, USA",FOX,2,6,401772858,-1,-1,false,1:00 PM EDT
"October 12, 2025",Week 6,Scheduled,Seattle Seahawks,0-0,Jacksonville Jaguars,0-0,"EverBank Stadium, Jacksonville, FL, USA",FOX,2,6,401772857,-1,-1,false,1:00 PM EDT
"October 12, 2025",Week 6,Scheduled,Los Angeles Rams,0-0,Baltimore Ravens,0-0,"M&T Bank Stadium, Baltimore, MD, USA",FOX,2,6,401772855,-1,-1,false,1:00 PM EDT
"October 12, 2025",Week 6,Scheduled,Tennessee Titans,0-0,Las Vegas Raiders,0-0,"Allegiant Stadium, Las Vegas, NV, USA",FOX,2,6,401772859,-1,-1,false,4:05 PM EDT
"October 12, 2025",Week 6,Scheduled,Cincinnati Bengals,0-0,Green Bay Packers,0-0,"Lambeau Field, Green Bay, WI, USA",CBS,2,6,401772752,-1,-1,false,4:25 PM EDT
"October 12, 2025",Week 6,Scheduled,New England Patriots,0-0,New Orleans Saints,0-0,"Caesars Superdome, New Orleans, LA, USA",CBS,2,6,401772751,-1,-1,false,4:25 PM EDT
"October 12, 2025",Week 6,Scheduled,Detroit Lions,0-0,Kansas City Chiefs,0-0,"GEHA Field at Arrowhead Stadium, Kansas City, MO, USA",NBC,2,6,401772923,-1,-1,false,8:20 PM EDT
"October 13, 2025",Week 6,Scheduled,Buffalo Bills,0-0,Atlanta Falcons,0-0,"Mercedes-Benz Stadium, Atlanta, GA, USA",ESPN,2,6,401772815,-1,-1,false,7:15 PM EDT
"October 13, 2025",Week 6,Scheduled,Chicago Bears,0-0,Washington Commanders,0-0,"Northwest Stadium, Landover, MD, USA",ABC,2,6,401772717,-1,-1,false,8:15 PM EDT
"October 16, 2025",Week 7,Scheduled,Pittsburgh Steelers,0-0,Cincinnati Bengals,0-0,"Paycor Stadium, Cincinnati, OH, USA",Prime Video,2,7,401772941,-1,-1,false,8:15 PM EDT
"October 19, 2025",Week 7,Scheduled,Los Angeles Rams,0-0,Jacksonville Jaguars,0-0,"Wembley Stadium, London, None, England",NFL Net/NFL+,2,7,401772635,-1,-1,false,9:30 AM EDT
"October 19, 2025",Week 7,Scheduled,New Orleans Saints,0-0,Chicago Bears,0-0,"Soldier Field, Chicago, IL, USA",FOX,2,7,401772861,-1,-1,false,1:00 PM EDT
"October 19, 2025",Week 7,Scheduled,Miami Dolphins,0-0,Cleveland Browns,0-0,"Huntington Bank Field, Cleveland, OH, USA",CBS,2,7,401772754,-1,-1,false,1:00 PM EDT
"October 19, 2025",Week 7,Scheduled,New England Patriots,0-0,Tennessee Titans,0-0,"Nissan Stadium, Nashville, TN, USA",CBS,2,7,401772755,-1,-1,false,1:00 PM EDT
"October 19, 2025",Week 7,Scheduled,Las Vegas Raiders,0-0,Kansas City Chiefs,0-0,"GEHA Field at Arrowhead Stadium, Kansas City, MO, USA",CBS,2,7,401772753,-1,-1,false,1:00 PM EDT
"October 19, 2025",Week 7,Scheduled,Philadelphia Eagles,0-0,Minnesota Vikings,0-0,"U.S. Bank Stadium, Minneapolis, MN, USA",FOX,2,7,401772862,-1,-1,false,1:00 PM EDT
"October 19, 2025",Week 7,Scheduled,Carolina Panthers,0-0,New York Jets,0-0,"MetLife Stadium, East Rutherford, NJ, USA",FOX,2,7,401772860,-1,-1,false,1:00 PM EDT
"October 19, 2025",Week 7,Scheduled,New York Giants,0-0,Denver Broncos,0-0,"Empower Field at Mile High, Denver, CO, USA",CBS,2,7,401772757,-1,-1,false,4:05 PM EDT
"October 19, 2025",Week 7,Scheduled,Indianapolis Colts,0-0,Los Angeles Chargers,0-0,"SoFi Stadium, Inglewood, CA, USA",CBS,2,7,401772756,-1,-1,false,4:05 PM EDT
"October 19, 2025",Week 7,Scheduled,Washington Commanders,0-0,Dallas Cowboys,0-0,"AT&T Stadium, Arlington, TX, USA",FOX,2,7,401772864,-1,-1,false,4:25 PM EDT
"October 19, 2025",Week 7,Scheduled,Green Bay Packers,0-0,Arizona Cardinals,0-0,"State Farm Stadium, Glendale, AZ, USA",FOX,2,7,401772863,-1,-1,false,4:25 PM EDT
"October 19, 2025",Week 7,Scheduled,Atlanta Falcons,0-0,San Francisco 49ers,0-0,"Levi's Stadium, Santa Clara, CA, USA",NBC,2,7,401772924,-1,-1,false,8:20 PM EDT
"October 20, 2025",Week 7,Scheduled,Tampa Bay Buccaneers,0-0,Detroit Lions,0-0,"Ford Field, Detroit, MI, USA",ABC/ESPN,2,7,401772816,-1,-1,false,7:00 PM EDT
"October 20, 2025",Week 7,Scheduled,Houston Texans,0-0,Seattle Seahawks,0-0,"Lumen Field, Seattle, WA, USA",ESPN+,2,7,401772826,-1,-1,false,10:00 PM EDT
"October 23, 2025",Week 8,Scheduled,Minnesota Vikings,0-0,Los Angeles Chargers,0-0,"SoFi Stadium, Inglewood, CA, USA",Prime Video,2,8,401772942,-1,-1,false,8:15 PM EDT
"October 26, 2025",Week 8,Scheduled,Miami Dolphins,0-0,Atlanta Falcons,0-0,"Mercedes-Benz Stadium, Atlanta, GA, USA",CBS,2,8,401772760,-1,-1,false,1:00 PM EDT
"October 26, 2025",Week 8,Scheduled,New York Jets,0-0,Cincinnati Bengals,0-0,"Paycor Stadium, Cincinnati, OH, USA",CBS,2,8,401772758,-1,-1,false,1:00 PM EDT
"October 26, 2025",Week 8,Scheduled,Cleveland Browns,0-0,New England Patriots,0-0,"Gillette Stadium, Foxborough, MA, USA",FOX,2,8,401772868,-1,-1,false,1:00 PM EDT
"October 26, 2025",Week 8,Scheduled,New York Giants,0-0,Philadelphia Eagles,0-0,"Lincoln Financial Field, Philadelphia, PA, USA",FOX,2,8,401772867,-1,-1,false,1:00 PM EDT
"October 26, 2025",Week 8,Scheduled,Buffalo Bills,0-0,Carolina Panthers,0-0,"Bank of America Stadium, Charlotte, NC, USA",FOX,2,8,401772865,-1,-1,false,1:00 PM EDT
"October 26, 2025",Week 8,Scheduled,Chicago Bears,0-0,Baltimore Ravens,0-0,"M&T Bank Stadium, Baltimore, MD, USA",CBS,2,8,401772759,-1,-1,false,1:00 PM EDT
"October 26, 2025",Week 8,Scheduled,San Francisco 49ers,0-0,Houston Texans,0-0,"NRG Stadium, Houston, TX, USA",FOX,2,8,401772866,-1,-1,false,1:00 PM EDT
"October 26, 2025",Week 8,Scheduled,Tampa Bay Buccaneers,0-0,New Orleans Saints,0-0,"Caesars Superdome, New Orleans, LA, USA",FOX,2,8,401772869,-1,-1,false,4:05 PM EDT
"October 26, 2025",Week 8,Scheduled,Dallas Cowboys,0-0,Denver Broncos,0-0,"Empower Field at Mile High, Denver, CO, USA",CBS,2,8,401772762,-1,-1,false,4:25 PM EDT
"October 26, 2025",Week 8,Scheduled,Tennessee Titans,0-0,Indianapolis Colts,0-0,"Lucas Oil Stadium, Indianapolis, IN, USA",CBS,2,8,401772761,-1,-1,false,4:25 PM EDT
"October 26, 2025",Week 8,Scheduled,Green Bay Packers,0-0,Pittsburgh Steelers,0-0,"Acrisure Stadium, Pittsburgh, PA, USA",NBC,2,8,401772925,-1,-1,false,8:20 PM EDT
"October 27, 2025",Week 8,Scheduled,Washington Commanders,0-0,Kansas City Chiefs,0-0,"GEHA Field at Arrowhead Stadium, Kansas City, MO, USA",ABC/ESPN,2,8,401772817,-1,-1,false,8:15 PM EDT
"October 30, 2025",Week 9,Scheduled,Baltimore Ravens,0-0,Miami Dolphins,0-0,"Hard Rock Stadium, Miami Gardens, FL, USA",Prime Video,2,9,401772943,-1,-1,false,8:15 PM EDT
"November 2, 2025",Week 9,Scheduled,Chicago Bears,0-0,Cincinnati Bengals,0-0,"Paycor Stadium, Cincinnati, OH, USA",CBS,2,9,401772765,-1,-1,false,1:00 PM EST
"November 2, 2025",Week 9,Scheduled,Minnesota Vikings,0-0,Detroit Lions,0-0,"Ford Field, Detroit, MI, USA",FOX,2,9,401772871,-1,-1,false,1:00 PM EST
"November 2, 2025",Week 9,Scheduled,Carolina Panthers,0-0,Green Bay Packers,0-0,"Lambeau Field, Green Bay, WI, USA",FOX,2,9,401772872,-1,-1,false,1:00 PM EST
"November 2, 2025",Week 9,Scheduled,Los Angeles Chargers,0-0,Tennessee Titans,0-0,"Nissan Stadium, Nashville, TN, USA",CBS,2,9,401772764,-1,-1,false,1:00 PM EST
"November 2, 2025",Week 9,Scheduled,Atlanta Falcons,0-0,New England Patriots,0-0,"Gillette Stadium, Foxborough, MA, USA",CBS,2,9,401772763,-1,-1,false,1:00 PM EST
"November 2, 2025",Week 9,Scheduled,San Francisco 49ers,0-0,New York Giants,0-0,"MetLife Stadium, East Rutherford, NJ, USA",CBS,2,9,401772767,-1,-1,false,1:00 PM EST
"November 2, 2025",Week 9,Scheduled,Indianapolis Colts,0-0,Pittsburgh Steelers,0-0,"Acrisure Stadium, Pittsburgh, PA, USA",CBS,2,9,401772766,-1,-1,false,1:00 PM EST
"November 2, 2025",Week 9,Scheduled,Denver Broncos,0-0,Houston Texans,0-0,"NRG Stadium, Houston, TX, USA",FOX,2,9,401772870,-1,-1,false,1:00 PM EST
"November 2, 2025",Week 9,Scheduled,Jacksonville Jaguars,0-0,Las Vegas Raiders,0-0,"Allegiant Stadium, Las Vegas, NV, USA",FOX,2,9,401772873,-1,-1,false,4:05 PM EST
"November 2, 2025",Week 9,Scheduled,New Orleans Saints,0-0,Los Angeles Rams,0-0,"SoFi Stadium, Inglewood, CA, USA",FOX,2,9,401772874,-1,-1,false,4:05 PM EST
"November 2, 2025",Week 9,Scheduled,Kansas City Chiefs,0-0,Buffalo Bills,0-0,"Highmark Stadium, Orchard Park, NY, USA",CBS,2,9,401772768,-1,-1,false,4:25 PM EST
"November 2, 2025",Week 9,Scheduled,Seattle Seahawks,0-0,Washington Commanders,0-0,"Northwest Stadium, Landover, MD, USA",NBC,2,9,401772926,-1,-1,false,8:20 PM EST
"November 3, 2025",Week 9,Scheduled,Arizona Cardinals,0-0,Dallas Cowboys,0-0,"AT&T Stadium, Arlington, TX, USA",ABC/ESPN,2,9,401772818,-1,-1,false,8:15 PM EST
"November 6, 2025",Week 10,Scheduled,Las Vegas Raiders,0-0,Denver Broncos,0-0,"Empower Field at Mile High, Denver, CO, USA",Prime Video,2,10,401772944,-1,-1,false,8:15 PM EST
"November 9, 2025",Week 10,Scheduled,Atlanta Falcons,0-0,Indianapolis Colts,0-0,"Olympic Stadium Berlin, Berlin, None, Germany",NFL Net/NFL+,2,10,401772636,-1,-1,false,9:30 AM EST
"November 9, 2025",Week 10,Scheduled,New York Giants,0-0,Chicago Bears,0-0,"Soldier Field, Chicago, IL, USA",FOX,2,10,401772875,-1,-1,false,1:00 PM EST
"November 9, 2025",Week 10,Scheduled,Buffalo Bills,0-0,Miami Dolphins,0-0,"Hard Rock Stadium, Miami Gardens, FL, USA",CBS,2,10,401772771,-1,-1,false,1:00 PM EST
"November 9, 2025",Week 10,Scheduled,Baltimore Ravens,0-0,Minnesota Vikings,0-0,"U.S. Bank Stadium, Minneapolis, MN, USA",FOX,2,10,401772876,-1,-1,false,1:00 PM EST
"November 9, 2025",Week 10,Scheduled,Cleveland Browns,0-0,New York Jets,0-0,"MetLife Stadium, East Rutherford, NJ, USA",CBS,2,10,401772769,-1,-1,false,1:00 PM EST
"November 9, 2025",Week 10,Scheduled,New England Patriots,0-0,Tampa Bay Buccaneers,0-0,"Raymond James Stadium, Tampa, FL, USA",CBS,2,10,401772772,-1,-1,false,1:00 PM EST
"November 9, 2025",Week 10,Scheduled,New Orleans Saints,0-0,Carolina Panthers,0-0,"Bank of America Stadium, Charlotte, NC, USA",FOX,2,10,401772877,-1,-1,false,1:00 PM EST
"November 9, 2025",Week 10,Scheduled,Jacksonville Jaguars,0-0,Houston Texans,0-0,"NRG Stadium, Houston, TX, USA",CBS,2,10,401772770,-1,-1,false,1:00 PM EST
"November 9, 2025",Week 10,Scheduled,Arizona Cardinals,0-0,Seattle Seahawks,0-0,"Lumen Field, Seattle, WA, USA",CBS,2,10,401772773,-1,-1,false,4:05 PM EST
"November 9, 2025",Week 10,Scheduled,Los Angeles Rams,0-0,San Francisco 49ers,0-0,"Levi's Stadium, Santa Clara, CA, USA",FOX,2,10,401772879,-1,-1,false,4:25 PM EST
"November 9, 2025",Week 10,Scheduled,Detroit Lions,0-0,Washington Commanders,0-0,"Northwest Stadium, Landover, MD, USA",FOX,2,10,401772878,-1,-1,false,4:25 PM EST
"November 9, 2025",Week 10,Scheduled,Pittsburgh Steelers,0-0,Los Angeles Chargers,0-0,"SoFi Stadium, Inglewood, CA, USA",NBC,2,10,401772927,-1,-1,false,8:20 PM EST
"November 10, 2025",Week 10,Scheduled,Philadelphia Eagles,0-0,Green Bay Packers,0-0,"Lambeau Field, Green Bay, WI, USA",ABC/ESPN,2,10,401772630,-1,-1,false,8:15 PM EST
"November 13, 2025",Week 11,Scheduled,New York Jets,0-0,New England Patriots,0-0,"Gillette Stadium, Foxborough, MA, USA",Prime Video,2,11,401772945,-1,-1,false,8:15 PM EST
"November 16, 2025",Week 11,Scheduled,Washington Commanders,0-0,Miami Dolphins,0-0,"Santiago Bernabéu, Madrid, None, Spain",NFL Net/NFL+,2,11,401772631,-1,-1,false,9:30 AM EST
"November 16, 2025",Week 11,Scheduled,Carolina Panthers,0-0,Atlanta Falcons,0-0,"Mercedes-Benz Stadium, Atlanta, GA, USA",FOX,2,11,401772882,-1,-1,false,1:00 PM EST
"November 16, 2025",Week 11,Scheduled,Tampa Bay Buccaneers,0-0,Buffalo Bills,0-0,"Highmark Stadium, Orchard Park, NY, USA",CBS,2,11,401772776,-1,-1,false,1:00 PM EST
"November 16, 2025",Week 11,Scheduled,Houston Texans,0-0,Tennessee Titans,0-0,"Nissan Stadium, Nashville, TN, USA",FOX,2,11,401772881,-1,-1,false,1:00 PM EST
"November 16, 2025",Week 11,Scheduled,Chicago Bears,0-0,Minnesota Vikings,0-0,"U.S. Bank Stadium, Minneapolis, MN, USA",FOX,2,11,401772880,-1,-1,false,1:00 PM EST
"November 16, 2025",Week 11,Scheduled,Green Bay Packers,0-0,New York Giants,0-0,"MetLife Stadium, East Rutherford, NJ, USA",FOX,2,11,401772883,-1,-1,false,1:00 PM EST
"November 16, 2025",Week 11,Scheduled,Cincinnati Bengals,0-0,Pittsburgh Steelers,0-0,"Acrisure Stadium, Pittsburgh, PA, USA",CBS,2,11,401772774,-1,-1,false,1:00 PM EST
"November 16, 2025",Week 11,Scheduled,Los Angeles Chargers,0-0,Jacksonville Jaguars,0-0,"EverBank Stadium, Jacksonville, FL, USA",CBS,2,11,401772775,-1,-1,false,1:00 PM EST
"November 16, 2025",Week 11,Scheduled,Seattle Seahawks,0-0,Los Angeles Rams,0-0,"SoFi Stadium, Inglewood, CA, USA",FOX,2,11,401772884,-1,-1,false,4:05 PM EST
"November 16, 2025",Week 11,Scheduled,San Francisco 49ers,0-0,Arizona Cardinals,0-0,"State Farm Stadium, Glendale, AZ, USA",FOX,2,11,401772885,-1,-1,false,4:05 PM EST
"November 16, 2025",Week 11,Scheduled,Baltimore Ravens,0-0,Cleveland Browns,0-0,"Huntington Bank Field, Cleveland, OH, USA",CBS,2,11,401772777,-1,-1,false,4:25 PM EST
"November 16, 2025",Week 11,Scheduled,Kansas City Chiefs,0-0,Denver Broncos,0-0,"Empower Field at Mile High, Denver, CO, USA",CBS,2,11,401772778,-1,-1,false,4:25 PM EST
"November 16, 2025",Week 11,Scheduled,Detroit Lions,0-0,Philadelphia Eagles,0-0,"Lincoln Financial Field, Philadelphia, PA, USA",NBC,2,11,401772928,-1,-1,false,8:20 PM EST
"November 17, 2025",Week 11,Scheduled,Dallas Cowboys,0-0,Las Vegas Raiders,0-0,"Allegiant Stadium, Las Vegas, NV, USA",ABC/ESPN,2,11,401772819,-1,-1,false,8:15 PM EST
"November 20, 2025",Week 12,Scheduled,Buffalo Bills,0-0,Houston Texans,0-0,"NRG Stadium, Houston, TX, USA",Prime Video,2,12,401772946,-1,-1,false,8:15 PM EST
"November 23, 2025",Week 12,Scheduled,Pittsburgh Steelers,0-0,Chicago Bears,0-0,"Soldier Field, Chicago, IL, USA",CBS,2,12,401772780,-1,-1,false,1:00 PM EST
"November 23, 2025",Week 12,Scheduled,New England Patriots,0-0,Cincinnati Bengals,0-0,"Paycor Stadium, Cincinnati, OH, USA",CBS,2,12,401772781,-1,-1,false,1:00 PM EST
"November 23, 2025",Week 12,Scheduled,New York Giants,0-0,Detroit Lions,0-0,"Ford Field, Detroit, MI, USA",FOX,2,12,401772888,-1,-1,false,1:00 PM EST
"November 23, 2025",Week 12,Scheduled,Minnesota Vikings,0-0,Green Bay Packers,0-0,"Lambeau Field, Green Bay, WI, USA",FOX,2,12,401772887,-1,-1,false,1:00 PM EST
"November 23, 2025",Week 12,Scheduled,Seattle Seahawks,0-0,Tennessee Titans,0-0,"Nissan Stadium, Nashville, TN, USA",FOX,2,12,401772886,-1,-1,false,1:00 PM EST
"November 23, 2025",Week 12,Scheduled,Indianapolis Colts,0-0,Kansas City Chiefs,0-0,"GEHA Field at Arrowhead Stadium, Kansas City, MO, USA",CBS,2,12,401772779,-1,-1,false,1:00 PM EST
"November 23, 2025",Week 12,Scheduled,New York Jets,0-0,Baltimore Ravens,0-0,"M&T Bank Stadium, Baltimore, MD, USA",CBS,2,12,401772782,-1,-1,false,1:00 PM EST
"November 23, 2025",Week 12,Scheduled,Cleveland Browns,0-0,Las Vegas Raiders,0-0,"Allegiant Stadium, Las Vegas, NV, USA",CBS,2,12,401772784,-1,-1,false,4:05 PM EST
"November 23, 2025",Week 12,Scheduled,Jacksonville Jaguars,0-0,Arizona Cardinals,0-0,"State Farm Stadium, Glendale, AZ, USA",CBS,2,12,401772783,-1,-1,false,4:05 PM EST
"November 23, 2025",Week 12,Scheduled,Philadelphia Eagles,0-0,Dallas Cowboys,0-0,"AT&T Stadium, Arlington, TX, USA",FOX,2,12,401772890,-1,-1,false,4:25 PM EST
"November 23, 2025",Week 12,Scheduled,Atlanta Falcons,0-0,New Orleans Saints,0-0,"Caesars Superdome, New Orleans, LA, USA",FOX,2,12,401772889,-1,-1,false,4:25 PM EST
"November 23, 2025",Week 12,Scheduled,Tampa Bay Buccaneers,0-0,Los Angeles Rams,0-0,"SoFi Stadium, Inglewood, CA, USA",NBC,2,12,401772929,-1,-1,false,8:20 PM EST
"November 24, 2025",Week 12,Scheduled,Carolina Panthers,0-0,San Francisco 49ers,0-0,"Levi's Stadium, Santa Clara, CA, USA",ESPN,2,12,401772820,-1,-1,false,8:15 PM EST
"November 27, 2025",Week 13,Scheduled,Green Bay Packers,0-0,Detroit Lions,0-0,"Ford Field, Detroit, MI, USA",FOX,2,13,401772891,-1,-1,false,1:00 PM EST
"November 27, 2025",Week 13,Scheduled,Kansas City Chiefs,0-0,Dallas Cowboys,0-0,"AT&T Stadium, Arlington, TX, USA",CBS/Paramount+,2,13,401772694,-1,-1,false,4:30 PM EST
"November 27, 2025",Week 13,Scheduled,Cincinnati Bengals,0-0,Baltimore Ravens,0-0,"M&T Bank Stadium, Baltimore, MD, USA",NBC,2,13,401772930,-1,-1,false,8:20 PM EST
"November 28, 2025",Week 13,Scheduled,Chicago Bears,0-0,Philadelphia Eagles,0-0,"Lincoln Financial Field, Philadelphia, PA, USA",Prime Video,2,13,401772621,-1,-1,false,3:00 PM EST
"November 30, 2025",Week 13,Scheduled,San Francisco 49ers,0-0,Cleveland Browns,0-0,"Huntington Bank Field, Cleveland, OH, USA",CBS,2,13,401772785,-1,-1,false,1:00 PM EST
"November 30, 2025",Week 13,Scheduled,Jacksonville Jaguars,0-0,Tennessee Titans,0-0,"Nissan Stadium, Nashville, TN, USA",CBS,2,13,401772786,-1,-1,false,1:00 PM EST
"November 30, 2025",Week 13,Scheduled,Houston Texans,0-0,Indianapolis Colts,0-0,"Lucas Oil Stadium, Indianapolis, IN, USA",CBS,2,13,401772787,-1,-1,false,1:00 PM EST
"November 30, 2025",Week 13,Scheduled,New Orleans Saints,0-0,Miami Dolphins,0-0,"Hard Rock Stadium, Miami Gardens, FL, USA",FOX,2,13,401772892,-1,-1,false,1:00 PM EST
"November 30, 2025",Week 13,Scheduled,Atlanta Falcons,0-0,New York Jets,0-0,"MetLife Stadium, East Rutherford, NJ, USA",FOX,2,13,401772893,-1,-1,false,1:00 PM EST
"November 30, 2025",Week 13,Scheduled,Arizona Cardinals,0-0,Tampa Bay Buccaneers,0-0,"Raymond James Stadium, Tampa, FL, USA",FOX,2,13,401772895,-1,-1,false,1:00 PM EST
"November 30, 2025",Week 13,Scheduled,Los Angeles Rams,0-0,Carolina Panthers,0-0,"Bank of America Stadium, Charlotte, NC, USA",FOX,2,13,401772894,-1,-1,false,1:00 PM EST
"November 30, 2025",Week 13,Scheduled,Minnesota Vikings,0-0,Seattle Seahawks,0-0,"Lumen Field, Seattle, WA, USA",FOX,2,13,401772896,-1,-1,false,4:05 PM EST
"November 30, 2025",Week 13,Scheduled,Buffalo Bills,0-0,Pittsburgh Steelers,0-0,"Acrisure Stadium, Pittsburgh, PA, USA",CBS,2,13,401772789,-1,-1,false,4:25 PM EST
"November 30, 2025",Week 13,Scheduled,Las Vegas Raiders,0-0,Los Angeles Chargers,0-0,"SoFi Stadium, Inglewood, CA, USA",CBS,2,13,401772788,-1,-1,false,4:25 PM EST
"November 30, 2025",Week 13,Scheduled,Denver Broncos,0-0,Washington Commanders,0-0,"Northwest Stadium, Landover, MD, USA",NBC,2,13,401772931,-1,-1,false,8:20 PM EST
"December 1, 2025",Week 13,Scheduled,New York Giants,0-0,New England Patriots,0-0,"Gillette Stadium, Foxborough, MA, USA",ESPN,2,13,401772821,-1,-1,false,8:15 PM EST
"December 4, 2025",Week 14,Scheduled,Dallas Cowboys,0-0,Detroit Lions,0-0,"Ford Field, Detroit, MI, USA",Prime Video,2,14,401772947,-1,-1,false,8:15 PM EST
"December 7, 2025",Week 14,Scheduled,Seattle Seahawks,0-0,Atlanta Falcons,0-0,"Mercedes-Benz Stadium, Atlanta, GA, USA",FOX,2,14,401772900,-1,-1,false,1:00 PM EST
"December 7, 2025",Week 14,Scheduled,Tennessee Titans,0-0,Cleveland Browns,0-0,"Huntington Bank Field, Cleveland, OH, USA",FOX,2,14,401772898,-1,-1,false,1:00 PM EST
"December 7, 2025",Week 14,Scheduled,Chicago Bears,0-0,Green Bay Packers,0-0,"Lambeau Field, Green Bay, WI, USA",FOX,2,14,401772897,-1,-1,false,1:00 PM EST
"December 7, 2025",Week 14,Scheduled,Washington Commanders,0-0,Minnesota Vikings,0-0,"U.S. Bank Stadium, Minneapolis, MN, USA",FOX,2,14,401772899,-1,-1,false,1:00 PM EST
"December 7, 2025",Week 14,Scheduled,Miami Dolphins,0-0,New York Jets,0-0,"MetLife Stadium, East Rutherford, NJ, USA",CBS,2,14,401772790,-1,-1,false,1:00 PM EST
"December 7, 2025",Week 14,Scheduled,New Orleans Saints,0-0,Tampa Bay Buccaneers,0-0,"Raymond James Stadium, Tampa, FL, USA",CBS,2,14,401772792,-1,-1,false,1:00 PM EST
"December 7, 2025",Week 14,Scheduled,Indianapolis Colts,0-0,Jacksonville Jaguars,0-0,"EverBank Stadium, Jacksonville, FL, USA",CBS,2,14,401772793,-1,-1,false,1:00 PM EST
"December 7, 2025",Week 14,Scheduled,Pittsburgh Steelers,0-0,Baltimore Ravens,0-0,"M&T Bank Stadium, Baltimore, MD, USA",CBS,2,14,401772791,-1,-1,false,1:00 PM EST
"December 7, 2025",Week 14,Scheduled,Denver Broncos,0-0,Las Vegas Raiders,0-0,"Allegiant Stadium, Las Vegas, NV, USA",CBS,2,14,401772794,-1,-1,false,4:05 PM EST
"December 7, 2025",Week 14,Scheduled,Cincinnati Bengals,0-0,Buffalo Bills,0-0,"Highmark Stadium, Orchard Park, NY, USA",FOX,2,14,401772902,-1,-1,false,4:25 PM EST
"December 7, 2025",Week 14,Scheduled,Los Angeles Rams,0-0,Arizona Cardinals,0-0,"State Farm Stadium, Glendale, AZ, USA",FOX,2,14,401772901,-1,-1,false,4:25 PM EST
"December 7, 2025",Week 14,Scheduled,Houston Texans,0-0,Kansas City Chiefs,0-0,"GEHA Field at Arrowhead Stadium, Kansas City, MO, USA",NBC,2,14,401772932,-1,-1,false,8:20 PM EST
"December 8, 2025",Week 14,Scheduled,Philadelphia Eagles,0-0,Los Angeles Chargers,0-0,"SoFi Stadium, Inglewood, CA, USA",ABC/ESPN,2,14,401772822,-1,-1,false,8:15 PM EST
"December 11, 2025",Week 15,Scheduled,Atlanta Falcons,0-0,Tampa Bay Buccaneers,0-0,"Raymond James Stadium, Tampa, FL, USA",Prime Video,2,15,401772948,-1,-1,false,8:15 PM EST
"December 14, 2025",Week 15,Scheduled,Cleveland Browns,0-0,Chicago Bears,0-0,"Soldier Field, Chicago, IL, USA",FOX,2,15,401772904,-1,-1,false,1:00 PM EST
"December 14, 2025",Week 15,Scheduled,Baltimore Ravens,0-0,Cincinnati Bengals,0-0,"Paycor Stadium, Cincinnati, OH, USA",CBS,2,15,401772796,-1,-1,false,1:00 PM EST
"December 14, 2025",Week 15,Scheduled,Los Angeles Chargers,0-0,Kansas City Chiefs,0-0,"GEHA Field at Arrowhead Stadium, Kansas City, MO, USA",CBS,2,15,401772798,-1,-1,false,1:00 PM EST
"December 14, 2025",Week 15,Scheduled,Buffalo Bills,0-0,New England Patriots,0-0,"Gillette Stadium, Foxborough, MA, USA",CBS,2,15,401772795,-1,-1,false,1:00 PM EST
"December 14, 2025",Week 15,Scheduled,Washington Commanders,0-0,New York Giants,0-0,"MetLife Stadium, East Rutherford, NJ, USA",FOX,2,15,401772905,-1,-1,false,1:00 PM EST
"December 14, 2025",Week 15,Scheduled,Las Vegas Raiders,0-0,Philadelphia Eagles,0-0,"Lincoln Financial Field, Philadelphia, PA, USA",FOX,2,15,401772906,-1,-1,false,1:00 PM EST
"December 14, 2025",Week 15,Scheduled,New York Jets,0-0,Jacksonville Jaguars,0-0,"EverBank Stadium, Jacksonville, FL, USA",CBS,2,15,401772797,-1,-1,false,1:00 PM EST
"December 14, 2025",Week 15,Scheduled,Arizona Cardinals,0-0,Houston Texans,0-0,"NRG Stadium, Houston, TX, USA",FOX,2,15,401772903,-1,-1,false,1:00 PM EST
"December 14, 2025",Week 15,Scheduled,Green Bay Packers,0-0,Denver Broncos,0-0,"Empower Field at Mile High, Denver, CO, USA",CBS,2,15,401772800,-1,-1,false,4:25 PM EST
"December 14, 2025",Week 15,Scheduled,Detroit Lions,0-0,Los Angeles Rams,0-0,"SoFi Stadium, Inglewood, CA, USA",FOX,2,15,401772909,-1,-1,false,4:25 PM EST
"December 14, 2025",Week 15,Scheduled,Carolina Panthers,0-0,New Orleans Saints,0-0,"Caesars Superdome, New Orleans, LA, USA",FOX,2,15,401772908,-1,-1,false,4:25 PM EST
"December 14, 2025",Week 15,Scheduled,Tennessee Titans,0-0,San Francisco 49ers,0-0,"Levi's Stadium, Santa Clara, CA, USA",FOX,2,15,401772907,-1,-1,false,4:25 PM EST
"December 14, 2025",Week 15,Scheduled,Indianapolis Colts,0-0,Seattle Seahawks,0-0,"Lumen Field, Seattle, WA, USA",CBS,2,15,401772799,-1,-1,false,4:25 PM EST
"December 14, 2025",Week 15,Scheduled,Minnesota Vikings,0-0,Dallas Cowboys,0-0,"AT&T Stadium, Arlington, TX, USA",NBC,2,15,401772933,-1,-1,false,8:20 PM EST
"December 15, 2025",Week 15,Scheduled,Miami Dolphins,0-0,Pittsburgh Steelers,0-0,"Acrisure Stadium, Pittsburgh, PA, USA",ESPN,2,15,401772823,-1,-1,false,8:15 PM EST
"December 18, 2025",Week 16,Scheduled,Los Angeles Rams,0-0,Seattle Seahawks,0-0,"Lumen Field, Seattle, WA, USA",Prime Video,2,16,401772949,-1,-1,false,8:15 PM EST
"December 20, 2025",Week 16,Scheduled,Green Bay Packers,0-0,Chicago Bears,0-0,"Soldier Field, Chicago, IL, USA",FOX,2,16,401772613,-1,-1,false,TBD
"December 20, 2025",Week 16,Scheduled,Philadelphia Eagles,0-0,Washington Commanders,0-0,"Northwest Stadium, Landover, MD, USA",FOX,2,16,401772612,-1,-1,false,TBD
"December 21, 2025",Week 16,Scheduled,Buffalo Bills,0-0,Cleveland Browns,0-0,"Huntington Bank Field, Cleveland, OH, USA",CBS,2,16,401772802,-1,-1,false,1:00 PM EST
"December 21, 2025",Week 16,Scheduled,Los Angeles Chargers,0-0,Dallas Cowboys,0-0,"AT&T Stadium, Arlington, TX, USA",FOX,2,16,401772910,-1,-1,false,1:00 PM EST
"December 21, 2025",Week 16,Scheduled,Kansas City Chiefs,0-0,Tennessee Titans,0-0,"Nissan Stadium, Nashville, TN, USA",CBS,2,16,401772803,-1,-1,false,1:00 PM EST
"December 21, 2025",Week 16,Scheduled,New York Jets,0-0,New Orleans Saints,0-0,"Caesars Superdome, New Orleans, LA, USA",CBS,2,16,401772801,-1,-1,false,1:00 PM EST
"December 21, 2025",Week 16,Scheduled,Minnesota Vikings,0-0,New York Giants,0-0,"MetLife Stadium, East Rutherford, NJ, USA",FOX,2,16,401772911,-1,-1,false,1:00 PM EST
"December 21, 2025",Week 16,Scheduled,Tampa Bay Buccaneers,0-0,Carolina Panthers,0-0,"Bank of America Stadium, Charlotte, NC, USA",FOX,2,16,401772912,-1,-1,false,1:00 PM EST
"December 21, 2025",Week 16,Scheduled,New England Patriots,0-0,Baltimore Ravens,0-0,"M&T Bank Stadium, Baltimore, MD, USA",CBS,2,16,401772804,-1,-1,false,1:00 PM EST
"December 21, 2025",Week 16,Scheduled,Jacksonville Jaguars,0-0,Denver Broncos,0-0,"Empower Field at Mile High, Denver, CO, USA",FOX,2,16,401772913,-1,-1,false,4:05 PM EST
"December 21, 2025",Week 16,Scheduled,Atlanta Falcons,0-0,Arizona Cardinals,0-0,"State Farm Stadium, Glendale, AZ, USA",FOX,2,16,401772914,-1,-1,false,4:05 PM EST
"December 21, 2025",Week 16,Scheduled,Pittsburgh Steelers,0-0,Detroit Lions,0-0,"Ford Field, Detroit, MI, USA",CBS,2,16,401772806,-1,-1,false,4:25 PM EST
"December 21, 2025",Week 16,Scheduled,Las Vegas Raiders,0-0,Houston Texans,0-0,"NRG Stadium, Houston, TX, USA",CBS,2,16,401772805,-1,-1,false,4:25 PM EST
"December 21, 2025",Week 16,Scheduled,Cincinnati Bengals,0-0,Miami Dolphins,0-0,"Hard Rock Stadium, Miami Gardens, FL, USA",NBC,2,16,401772934,-1,-1,false,8:20 PM EST
"December 22, 2025",Week 16,Scheduled,San Francisco 49ers,0-0,Indianapolis Colts,0-0,"Lucas Oil Stadium, Indianapolis, IN, USA",ESPN,2,16,401772824,-1,-1,false,8:15 PM EST
"December 25, 2025",Week 17,Scheduled,Dallas Cowboys,0-0,Washington Commanders,0-0,"Northwest Stadium, Landover, MD, USA",Netflix,2,17,401772710,-1,-1,false,1:00 PM EST
"December 25, 2025",Week 17,Scheduled,Detroit Lions,0-0,Minnesota Vikings,0-0,"U.S. Bank Stadium, Minneapolis, MN, USA",Netflix,2,17,401772711,-1,-1,false,4:30 PM EST
"December 25, 2025",Week 17,Scheduled,Denver Broncos,0-0,Kansas City Chiefs,0-0,"GEHA Field at Arrowhead Stadium, Kansas City, MO, USA",Prime Video,2,17,401772622,-1,-1,false,8:15 PM EST
"December 27, 2025",Week 17,Scheduled,Arizona Cardinals,0-0,Cincinnati Bengals,0-0,"Paycor Stadium, Cincinnati, OH, USA",TBD,2,17,401772954,-1,-1,false,TBD
"December 27, 2025",Week 17,Scheduled,Baltimore Ravens,0-0,Green Bay Packers,0-0,"Lambeau Field, Green Bay, WI, USA",TBD,2,17,401772953,-1,-1,false,TBD
"December 27, 2025",Week 17,Scheduled,New York Giants,0-0,Las Vegas Raiders,0-0,"Allegiant Stadium, Las Vegas, NV, USA",TBD,2,17,401772950,-1,-1,false,TBD
"December 27, 2025",Week 17,Scheduled,Houston Texans,0-0,Los Angeles Chargers,0-0,"SoFi Stadium, Inglewood, CA, USA",TBD,2,17,401772951,-1,-1,false,TBD
"December 27, 2025",Week 17,Scheduled,Seattle Seahawks,0-0,Carolina Panthers,0-0,"Bank of America Stadium, Charlotte, NC, USA",TBD,2,17,401772952,-1,-1,false,TBD
"December 28, 2025",Week 17,Scheduled,Pittsburgh Steelers,0-0,Cleveland Browns,0-0,"Huntington Bank Field, Cleveland, OH, USA",CBS,2,17,401772807,-1,-1,false,1:00 PM EST
"December 28, 2025",Week 17,Scheduled,New Orleans Saints,0-0,Tennessee Titans,0-0,"Nissan Stadium, Nashville, TN, USA",CBS,2,17,401772809,-1,-1,false,1:00 PM EST
"December 28, 2025",Week 17,Scheduled,Jacksonville Jaguars,0-0,Indianapolis Colts,0-0,"Lucas Oil Stadium, Indianapolis, IN, USA",FOX,2,17,401772915,-1,-1,false,1:00 PM EST
"December 28, 2025",Week 17,Scheduled,Tampa Bay Buccaneers,0-0,Miami Dolphins,0-0,"Hard Rock Stadium, Miami Gardens, FL, USA",FOX,2,17,401772916,-1,-1,false,1:00 PM EST
"December 28, 2025",Week 17,Scheduled,New England Patriots,0-0,New York Jets,0-0,"MetLife Stadium, East Rutherford, NJ, USA",CBS,2,17,401772808,-1,-1,false,1:00 PM EST
"December 28, 2025",Week 17,Scheduled,Philadelphia Eagles,0-0,Buffalo Bills,0-0,"Highmark Stadium, Orchard Park, NY, USA",FOX,2,17,401772917,-1,-1,false,4:25 PM EST
"December 28, 2025",Week 17,Scheduled,Chicago Bears,0-0,San Francisco 49ers,0-0,"Levi's Stadium, Santa Clara, CA, USA",NBC,2,17,401772935,-1,-1,false,8:20 PM EST
"December 29, 2025",Week 17,Scheduled,Los Angeles Rams,0-0,Atlanta Falcons,0-0,"Mercedes-Benz Stadium, Atlanta, GA, USA",ESPN,2,17,401772825,-1,-1,false,8:15 PM EST
"January 4, 2026",Week 18,Scheduled,New Orleans Saints,0-0,Atlanta Falcons,0-0,"Mercedes-Benz Stadium, Atlanta, GA, USA",TBD,2,18,401772966,-1,-1,false,TBD
"January 4, 2026",Week 18,Scheduled,New York Jets,0-0,Buffalo Bills,0-0,"Highmark Stadium, Orchard Park, NY, USA",TBD,2,18,401772967,-1,-1,false,TBD
"January 4, 2026",Week 18,Scheduled,Detroit Lions,0-0,Chicago Bears,0-0,"Soldier Field, Chicago, IL, USA",TBD,2,18,401772965,-1,-1,false,TBD
"January 4, 2026",Week 18,Scheduled,Cleveland Browns,0-0,Cincinnati Bengals,0-0,"Paycor Stadium, Cincinnati, OH, USA",TBD,2,18,401772964,-1,-1,false,TBD
"January 4, 2026",Week 18,Scheduled,Los Angeles Chargers,0-0,Denver Broncos,0-0,"Empower Field at Mile High, Denver, CO, USA",TBD,2,18,401772956,-1,-1,false,TBD
"January 4, 2026",Week 18,Scheduled,Kansas City Chiefs,0-0,Las Vegas Raiders,0-0,"Allegiant Stadium, Las Vegas, NV, USA",TBD,2,18,401772957,-1,-1,false,TBD
"January 4, 2026",Week 18,Scheduled,Arizona Cardinals,0-0,Los Angeles Rams,0-0,"SoFi Stadium, Inglewood, CA, USA",TBD,2,18,401772955,-1,-1,false,TBD
"January 4, 2026",Week 18,Scheduled,Green Bay Packers,0-0,Minnesota Vikings,0-0,"U.S. Bank Stadium, Minneapolis, MN, USA",TBD,2,18,401772968,-1,-1,false,TBD
"January 4, 2026",Week 18,Scheduled,Miami Dolphins,0-0,New England Patriots,0-0,"Gillette Stadium, Foxborough, MA, USA",TBD,2,18,401772958,-1,-1,false,TBD
"January 4, 2026",Week 18,Scheduled,Dallas Cowboys,0-0,New York Giants,0-0,"MetLife Stadium, East Rutherford, NJ, USA",TBD,2,18,401772963,-1,-1,false,TBD
"January 4, 2026",Week 18,Scheduled,Washington Commanders,0-0,Philadelphia Eagles,0-0,"Lincoln Financial Field, Philadelphia, PA, USA",TBD,2,18,401772959,-1,-1,false,TBD
"January 4, 2026",Week 18,Scheduled,Baltimore Ravens,0-0,Pittsburgh Steelers,0-0,"Acrisure Stadium, Pittsburgh, PA, USA",TBD,2,18,401772960,-1,-1,false,TBD
"January 4, 2026",Week 18,Scheduled,Seattle Seahawks,0-0,San Francisco 49ers,0-0,"Levi's Stadium, Santa Clara, CA, USA",TBD,2,18,401772961,-1,-1,false,TBD
"January 4, 2026",Week 18,Scheduled,Carolina Panthers,0-0,Tampa Bay Buccaneers,0-0,"Raymond James Stadium, Tampa, FL, USA",TBD,2,18,401772969,-1,-1,false,TBD
"January 4, 2026",Week 18,Scheduled,Tennessee Titans,0-0,Jacksonville Jaguars,0-0,"EverBank Stadium, Jacksonville, FL, USA",TBD,2,18,401772970,-1,-1,false,TBD
"January 4, 2026",Week 18,Scheduled,Indianapolis Colts,0-0,Houston Texans,0-0,"NRG Stadium, Houston, TX, USA",TBD,2,18,401772962,-1,-1,false,TBD
"January 10, 2026",Wild Card Round,Scheduled,TBD TBD,0-0,TBD TBD,0-0,TBD,TBD,3,1,401772976,-1,-1,false,TBD
"January 10, 2026",Wild Card Round,Scheduled,TBD TBD,0-0,TBD TBD,0-0,TBD,TBD,3,1,401772977,-1,-1,false,TBD
"January 11, 2026",Wild Card Round,Scheduled,TBD TBD,0-0,TBD TBD,0-0,TBD,TBD,3,1,401772978,-1,-1,false,TBD
"January 11, 2026",Wild Card Round,Scheduled,TBD TBD,0-0,TBD TBD,0-0,TBD,TBD,3,1,401772979,-1,-1,false,TBD
"January 11, 2026",Wild Card Round,Scheduled,TBD TBD,0-0,TBD TBD,0-0,TBD,TBD,3,1,401772980,-1,-1,false,TBD
"January 12, 2026",Wild Card Round,Scheduled,TBD TBD,0-0,TBD TBD,0-0,TBD,ESPN/ABC,3,1,401772981,-1,-1,false,8:15 PM EST
"January 17, 2026",Divisional Round,Scheduled,TBD TBD,0-0,TBD TBD,0-0,TBD,TBD,3,2,401772982,-1,-1,false,TBD
"January 17, 2026",Divisional Round,Scheduled,TBD TBD,0-0,TBD TBD,0-0,TBD,TBD,3,2,401772983,-1,-1,false,TBD
"January 18, 2026",Divisional Round,Scheduled,TBD TBD,0-0,TBD TBD,0-0,TBD,TBD,3,2,401772984,-1,-1,false,TBD
"January 18, 2026",Divisional Round,Scheduled,TBD TBD,0-0,TBD TBD,0-0,TBD,TBD,3,2,401772985,-1,-1,false,TBD
"January 25, 2026",Conference Championships,Scheduled,TBD TBD,0-0,TBD TBD,0-0,TBD,TBD,3,3,401772986,-1,-1,false,TBD
"January 25, 2026",Conference Championships,Scheduled,TBD TBD,0-0,TBD TBD,0-0,TBD,TBD,3,3,401772987,-1,-1,false,TBD
"February 8, 2026",Super Bowl,Scheduled,TBD TBD,0-0,TBD TBD,0-0,"Levi's Stadium, Santa Clara, CA, USA",NBC,3,5,401772988,-1,-1,false,TBD
